<?xml version="1.0" encoding="UTF-8"?>
<comment version="3.0">
  <caption>Point Food Logo Icon Design</caption>
  <note>Point Food Logo Icon Design</note>
  <place/>
  <categories>
    <category value="design, symbol, logo, business, icon, abstract, logotype, modern, identity, concept, element, creative, idea, branding, professional, sign, graphic, company, web, template, food, healthy, lunch, meal, menu, restaurant, nutrition, meat, vegetables, spoon, fork, cook, kitchen, eat,"/>
    <category value="pin, marker, pointer, pushpin, point, location, local, map, locate, gps, place, navigation, route, spot, position,"/>
  </categories>
</comment>
